Whistler,˙Studio Condo Whistler Village 223,Departamento entero,"$1,241",Bill,392 evaluaciones,5,"['2 huéspedes', 'estudio', '1 cama', '1 baño', '\U000f0004\n5016 evaluaciones', '\U000f0019\nVerificado']"
Whistler,Whistler Creekside Villa - single nights now open!,Departamento entero,"$1,154",Beth,333 evaluaciones,4.5,"['2 huéspedes', '1 recámara', '1 cama', '1 baño', '\U000f0004\n340 evaluaciones', '\U000f0019\nVerificado']"
Whistler,Peak View Penthouse,Loft entero,"$1,884",Jane & James,158 evaluaciones,5,"['4 huéspedes', '1 recámara', '1 cama', '1 baño', '\U000f0004\n158 evaluaciones', '\U000f0019\nVerificado']"
Whistler,Newly updated condo at Blackcomb base,Condominio completo,"$1,460",Caroline,,4.5,"['4 huéspedes', '1 recámara', '1 cama', '1 baño', '\U000f0004\n241 evaluaciones', '\U000f0019\nVerificado']"
Whistler,Studio Condo Upper Village Tranquility,Departamento entero,"$1,607",Bill,,5,"['4 huéspedes', 'estudio', '2 camas', '1 baño', '\U000f0004\n5016 evaluaciones', '\U000f0019\nVerificado']"
Whistler,1 BR Townhome with Private Hot Tub - FREE PARKING,Casa adosada completa,"$2,030",Ian,,4.5,"['4 huéspedes', '1 recámara', '2 camas', '1 baño', '\U000f0004\n783 evaluaciones', '\U000f0019\nVerificado']"
Whistler,1 BR Townhouse with Private Hot Tub - FREE PARKING,Casa adosada completa,"$1,884",Ian,,4.5,"['5 huéspedes', '1 recámara', '3 camas', '1 baño', '\U000f0004\n783 evaluaciones', '\U000f0019\nVerificado']"
Whistler,Modern Mountain Studio in the Village,Departamento con servicios completo,"$1,884",Anya,,5,"['2 huéspedes', '1 recámara', '1 cama', '1 baño', '\U000f0004\n272 evaluaciones', '\U000f0019\nVerificado']"
Whistler,Cozy Whistler Village Studio,Condominio completo,"$1,300",Tim And Andrea,,5,"['4 huéspedes', 'estudio', '2 camas', '1 baño', '\U000f0004\n484 evaluaciones', '\U000f0019\nVerificado']"
Whistler,Symphony Studio in Whistler Village,Departamento entero,"$1,753",Musubi,,5,"['4 huéspedes', 'estudio', '2 camas', '1 baño', '\U000f0004\n194 evaluaciones', '\U000f0019\nVerificado']"
Whistler,⛰️ 1 Bdrm Modern Village Penthouse - view!,Departamento con servicios completo,"$2,760",Victoria And Christian,,5,"['4 huéspedes', '1 recámara', '2 camas', '1 baño', '\U000f0004\n1167 evaluaciones', '\U000f0019\nVerificado']"
Whistler,"Ski in/out condo pool/hot tub, balcony, views",Departamento entero,"$1,300",Annika,,5,"['4 huéspedes', '1 recámara', '2 camas', '1 baño', '\U000f0004\n338 evaluaciones', '\U000f0019\nVerificado']"
Whistler,·Hotel Room Upper Village Tranquility,Alojamiento entero,"$1,753",Bill,,5,"['2 huéspedes', '1 cama', '1 baño', '\U000f0004\n5016 evaluaciones', '\U000f0019\nVerificado']"
Whistler,MAIN VILLAGE SQUARE = Super central location!,Departamento entero,,Clare And Mike,,5,"['4 huéspedes', '1 recámara', '2 camas', '1 baño', '\U000f0004\n566 evaluaciones', '\U000f0019\nVerificado']"
Whistler,Lovely Condo Right in the Village!!,Departamento entero,,Jessica,,5,"['4 huéspedes', 'estudio', '2 camas', '1 baño', '\U000f0004\n517 evaluaciones', '\U000f0019\nVerificado']"
Whistler,"Great Space, Great Location to Experience Whistler",Habitación privada en dormitorio para invitados,$701,Jay,39 evaluaciones,4.5,"['2 huéspedes', '1 recámara', '1 cama', '1 baño privado', '\U000f0004\n39 evaluaciones']"
Whistler,NEW 2.5 BD/2 BTH!Walk to Gondola & FREE Parking!,Departamento entero,"$1,271",Whistler Peak Management,176 evaluaciones,5,"['10 huéspedes', '2 recámaras', '6 camas', '2 baños', '\U000f0004\n341 evaluaciones', '\U000f0019\nVerificado']"
Whistler,˙Studio Condo Whistler Village 201,Condominio completo,"$1,607",Bill,138 evaluaciones,5,"['3 huéspedes', 'estudio', '2 camas', '1 baño', '\U000f0004\n5016 evaluaciones', '\U000f0019\nVerificado']"
